cell_id,cell_perimeter_microns,cell_area_microns,shape_parameter,circularity,cell_edge_count,major_shape_axis_alignment_rads
0.0,46.68411037930386,102.48495315074928,4.611466242143486,0.6086086283760024,3.0,0.7260754475005972
1.0,59.56778969012544,203.0666143144124,4.180153420228321,0.5365066598015621,4.0,2.036395568516837
2.0,46.95153918737036,137.18343014607467,4.008657993833822,0.8224768243023619,4.0,1.865553485891604
3.0,44.70346341344336,122.68912962903983,4.035878922041277,0.8301189645840868,4.0,0.24590458799436482
4.0,53.078969167338194,166.17203118014334,4.117593936785938,0.4759715984009231,4.0,0.16493289776988085
5.0,63.747282761268735,251.08813521933553,4.022986562779641,0.726949818657608,4.0,1.674918044762471
6.0,58.99180956007679,191.79326946783135,4.259660993146183,0.5845250524963078,4.0,2.293703045860309
7.0,40.418714660377795,96.04304180984491,4.124293326357219,0.6090326635642141,4.0,0.16892055981315082
8.0,53.31740973244858,173.49238497662577,4.047891225970631,0.603893157445649,4.0,2.036746929873008
9.0,47.511602097781584,119.61458103451696,4.344178015245596,0.4647589607804944,4.0,1.080063097697729
10.0,63.3929416754964,240.98604698019062,4.083616559684541,0.49912764219959915,4.0,2.8857689980914705
11.0,38.65176488431079,80.52389176130305,4.307318148016047,0.25468403376161775,4.0,3.023137858874394
12.0,62.16025269895674,236.4474276263719,4.042457610313561,0.8824575484899925,4.0,2.1776614269589007
13.0,49.0384165946234,148.01755376486744,4.030693987402209,0.6326335503976147,4.0,2.501000851799869
14.0,55.57421855170949,174.95645573592242,4.201538800694362,0.5069938539364713,4.0,0.6624912372763202
15.0,56.073348448801696,185.0585439750671,4.121942418105223,0.7491742051578181,4.0,0.5650665876177767
16.0,72.3355359240963,310.5294080467702,4.104878771578063,0.6130352953499273,4.0,2.544209016249478
17.0,63.57241493281852,252.40579890270283,4.001465208053139,0.9345655077974175,4.0,0.4078459616580864
18.0,43.52564358473464,113.7582979973306,4.080878442597387,0.5689731108626558,4.0,0.61366264625714
19.0,67.64701675816013,278.7590725700379,4.051670724714506,0.6259753233434779,4.0,2.5848218789308692
20.0,56.68858684253172,190.76841993632388,4.104331110414568,0.8686307344164148,4.0,2.4383420257596153
21.0,44.869021233643835,123.12835085682946,4.043594197320581,0.6618685899130063,4.0,1.620915148031114
22.0,79.77420575132835,375.53414975953,4.116591479242414,0.4646224407715707,4.0,2.6174668792444407
23.0,55.942232881761726,155.9235358650667,4.480061331705016,0.22080842838628756,4.0,0.20794450604164255
24.0,61.48093544618408,215.5112157684307,4.187988961460908,0.5697438125497227,4.0,0.2235237857222907
25.0,68.33877225662414,255.62675457315345,4.274290338794349,0.43173025517355496,4.0,0.6553359256480814
26.0,69.69042296566327,310.8222221986293,3.952911305144953,0.48758325619133674,5.0,2.0227252025050584
27.0,72.47812375476475,353.5730883700846,3.854493709224243,0.8173279824160565,5.0,0.5112679499589486
28.0,73.30000543807762,355.47638035717046,3.887752704934156,0.6740957207099654,5.0,2.764496685837115
29.0,78.99008289081773,422.2380069810863,3.844093195581163,0.6848474408293079,5.0,0.05010895718260101
30.0,58.771893089232506,220.78187050189996,3.9553778364957055,0.4315189394276702,5.0,1.4774485908891226
31.0,75.09357045801862,368.94583134269794,3.909502095802783,0.5381174216990849,5.0,2.187302407331262
32.0,88.0894188799405,511.1071020703793,3.8964381522846883,0.5660231257041127,5.0,1.6211721421110288
33.0,65.22824945003364,289.30038203697154,3.8349633674193706,0.9294828806390192,5.0,1.9505831505274187
34.0,70.23489725195384,317.5569476913932,3.9413240369123437,0.6448320614792213,5.0,2.4537823118991544
35.0,72.63249360396283,342.7389647512905,3.923279185975451,0.5002021456106671,5.0,2.0593012689068018
36.0,58.630975444644065,222.68516248898504,3.9289950271169456,0.4389955898928046,5.0,1.2869701188324993
37.0,66.51855014471542,292.0821164796354,3.892156470133126,0.5267877535624726,5.0,1.300439934763329
38.0,76.51169531419114,398.81287483234405,3.8312742427693496,0.8422315208278116,5.0,2.2994362909348687
39.0,66.38079165350928,295.4494792260173,3.861898124593331,0.7348065251478016,5.0,2.11605153933076
40.0,75.23066878907018,346.8383628773215,4.039534846193565,0.403198426092576,5.0,1.0826852886250466
41.0,68.23338905276867,268.5105772549614,4.164052951111313,0.32000585642416196,5.0,1.555411421551908
42.0,72.02897989620571,339.6644161567687,3.9082491154586423,0.6631760363182636,5.0,2.6399430100475154
43.0,62.243318231618616,244.9390380302906,3.9770745619131733,0.4291042009875094,5.0,2.7295821255659356
44.0,63.985854103707844,276.7093735070233,3.846555790967029,0.9060732450378292,5.0,0.09082441500000873
45.0,65.13845304439702,256.0659758009433,4.070628811964143,0.4794098529872593,5.0,2.977935412180631
46.0,72.1501790141347,335.1257968029498,3.9412454572660853,0.4586203164210101,5.0,1.8826571739204274
47.0,64.93616059916718,272.9027895328527,3.9308151351954566,0.6526162515813357,5.0,3.010013414489866
48.0,63.485201830342405,261.7758517621994,3.9238076895256566,0.7278475860949158,5.0,2.288776594050803
49.0,66.67862862883965,277.73422303852976,4.001031405010395,0.35935830474733665,5.0,1.1443578974250619
50.0,63.397386953000314,274.65967444400803,3.825374050369116,0.8799341612357294,5.0,1.0108663780161429
51.0,56.99313613524616,208.4836761238096,3.9471763248045586,0.6896073897437253,5.0,1.574077119604904
52.0,55.12463965948181,208.04445489602062,3.8217976685789012,0.9016166016470711,5.0,2.3690782359268563
53.0,69.16136313471435,302.91624009842917,3.973765780832968,0.6176380786294532,5.0,1.7175666062516233
54.0,61.18798087086471,223.27079079270345,4.0949647433950584,0.2937505156796755,5.0,2.037002802967587
55.0,69.23229216041622,306.7228240725992,3.9530805466976604,0.726217310384535,5.0,0.9769591960534374
56.0,67.84867761559154,304.0874967058661,3.8908286566375287,0.5290642560490493,5.0,1.3990011025926392
57.0,70.22479313499596,314.4823990968696,3.959973654383529,0.4929698850955731,5.0,2.3141482878347968
58.0,53.7035124889587,184.61932274727837,3.952429344376602,0.710467607864202,5.0,2.4670533486501434
59.0,67.39564886777848,301.45216933913207,3.8817061188830464,0.7041328202677463,5.0,2.5266996571529563
60.0,78.21417193004564,407.45089231219254,3.8747868311684135,0.693190605163499,5.0,1.081300977220967
61.0,44.472760093922574,128.25259851436613,3.9270008672491734,0.7098565828698186,5.0,1.2231141016992737
62.0,63.70899637842808,263.09351544556654,3.927766770288546,0.5079815846913862,5.0,1.9143347093244734
63.0,69.79468482339358,310.96862927455925,3.957893106671512,0.5153401507776924,5.0,0.7617368786847888
64.0,65.04568190922608,275.39170982365636,3.919611649487408,0.6475288137193095,5.0,2.872564585153965
65.0,66.7212608419372,288.27553250546384,3.929708652654585,0.5381456421277507,5.0,2.049718805220587
66.0,53.884724049521004,178.3238184823029,4.035162097129941,0.43425311691683166,5.0,1.420868205157964
67.0,74.6169236333109,376.9982205188277,3.8429761526836934,0.9156752795977211,5.0,1.209671134648335
68.0,58.110882003170246,216.68247237587002,3.9477130384882613,0.4168507415850143,5.0,0.48272984657161916
69.0,83.73140214676904,452.39786462259315,3.936661661293404,0.5043142860705115,5.0,1.1605333518475986
70.0,68.1875944590243,308.18689483189496,3.8841705046373876,0.5961009843031534,5.0,1.1825973604374658
71.0,68.31269683521623,310.8222221986298,3.8747652850078502,0.6652356041073946,5.0,2.326816578834482
72.0,64.9801533325155,280.6623645571233,3.8787218966490102,0.5728872260967989,5.0,1.702536144700165
73.0,70.85033523988676,304.8195320855143,4.058079150863035,0.34936465926024796,5.0,0.932096088507131
74.0,52.05309627571994,157.9732349280839,4.141472786528082,0.36841906855745177,5.0,2.2303243487681543
75.0,54.28308753573004,179.7878892416001,4.048408470045555,0.3527273754775749,5.0,2.5090827108172316
76.0,65.02123465230282,280.9551787089822,3.879151050917713,0.6084887520697483,5.0,0.780042591631657
77.0,63.01996721459081,264.4111791289338,3.8755939248418425,0.6120225162306407,5.0,2.6727677148400186
78.0,60.34529608599895,239.22916206903517,3.90154268737301,0.6304236448799693,5.0,2.5630068082146287
79.0,74.04700646663738,357.2332652683258,3.9177034510525157,0.4676456370246774,5.0,1.986369674233852
80.0,54.601539386208316,197.50314542908677,3.8852402449562464,0.6168180525577126,5.0,2.5488434937459434
81.0,63.014525328053494,259.43333854732487,3.9122606093348016,0.5474997502181846,5.0,2.0353393749816746
82.0,61.07779799168195,241.57167528390892,3.9297087665104344,0.43476644352787247,5.0,2.837691655532814
83.0,62.063795040684596,253.4306484342095,3.8986007378987764,0.5429681978546779,5.0,2.9184464186796526
84.0,63.67940283534005,260.6045951547619,3.944645206010804,0.39419991030496104,5.0,2.630113483409321
85.0,62.89490231898454,265.2896215845111,3.8614935774245343,0.8668704849411505,5.0,1.690480638697355
86.0,67.52029369397495,303.79468255400695,3.873862830206191,0.5462393787256108,5.0,0.40379905926661525
87.0,50.5065966526123,171.29627883768103,3.8589943310115506,0.7376644584546831,5.0,0.8318740179021651
88.0,66.60215868504086,294.2782226185798,3.8824801450513244,0.5936704768769514,5.0,2.290380063643667
89.0,65.30254952344251,283.1512848479274,3.88079649054693,0.6636140367954796,5.0,0.3923694838558922
90.0,55.092302293806114,192.37889777154828,3.9720271260426827,0.3552297825348409,5.0,1.7863943545550327
91.0,57.86345666778753,217.560914831447,3.9229605062101434,0.627258696896713,5.0,1.3192584098042697
92.0,51.59014313538082,180.8127387731074,3.8366503379257977,0.7068911921757481,5.0,0.13382186454683018
93.0,58.266966454793234,214.48636623692516,3.9785293135738042,0.4108196605246768,5.0,0.4797522034359305
94.0,71.43640880650267,324.5844873360154,3.9651145093819857,0.41144143447576254,5.0,0.7823016638228695
95.0,65.57211880095062,288.4219395813942,3.8610468421792152,0.6720858566920672,5.0,0.7386449509766913
96.0,67.71574471711759,300.4273198076244,3.9067889203759902,0.5320778544356352,5.0,2.4702703321713924
97.0,67.83017704837967,282.5656565442082,4.0351832550839095,0.31375657502524484,5.0,0.029754012726859336
98.0,67.16816893510192,304.23390378179556,3.8508775053762756,0.716549960949934,5.0,2.8703577417969077
99.0,56.791962222951945,212.4366671739101,3.896477157598708,0.6257679683959911,5.0,2.4876514699418655
100.0,58.19177713478917,225.9061181594367,3.8716636760413157,0.6586204527084667,5.0,2.7565480906883337
101.0,60.88622788213222,245.37825925807965,3.886879063648905,0.7141425001250217,5.0,2.189310385002446
102.0,62.69251785345307,266.7536923438074,3.8384906982766918,0.8104971145497187,5.0,1.8519729308117872
103.0,67.50130024412516,305.69797454109266,3.860698242482805,0.6633718797265927,5.0,0.3247261887918448
104.0,55.407811837938546,198.67440203652313,3.9309728299870272,0.7500114864916526,5.0,0.41253501966076633
105.0,65.10809712813297,256.94441825652154,4.061770759802737,0.318824016921689,5.0,1.3610760747404755
106.0,67.0582942240276,293.10696601114296,3.9168724740136516,0.4670308955412421,5.0,1.8542714653610535
107.0,54.78762027554554,167.9289160912988,4.227851208157046,0.17647224950828896,5.0,0.15634933693053985
108.0,82.09228952448785,424.1412989681726,3.98608987973276,0.3627702769327965,5.0,2.2438050922715855
109.0,63.59362560392317,269.68183386240025,3.8724671231499173,0.7605280324042957,5.0,2.38726554433608
110.0,72.20993847848206,340.8356727642058,3.911329950446101,0.5052150634285124,5.0,0.3269242300966308
111.0,50.6203470377058,173.34597790069563,3.844751132900349,0.649218412528987,5.0,1.7755659832220692
112.0,64.06895018958686,263.0935154455665,3.949958528104196,0.4790150918247828,5.0,2.428311239667723
113.0,71.59098576130748,344.93507089023524,3.8546918526236564,0.6564299754337454,5.0,0.6490387141858591
114.0,58.24789261393889,214.4863662369255,3.9772269318028135,0.5416029580369504,5.0,0.12330662106438442
115.0,71.93922638222604,348.00961948475833,3.8562940196936184,0.7236820575131844,5.0,0.6867003834725092
116.0,64.28817719453747,250.79532106747587,4.0594892638255695,0.3314279701495761,5.0,1.0451092657960541
117.0,73.1332169493798,348.4488407125468,3.9178261927856597,0.6020537679515476,5.0,2.2280419703913994
118.0,68.72087368115535,314.77521324872873,3.8733648654978023,0.6462010762151846,5.0,1.1448506191974008
119.0,72.29994349540033,345.2278850420946,3.891213178043723,0.7654777084968736,5.0,1.20559619054475
120.0,61.604967275118725,255.04112626943584,3.857541637289775,0.6474250998319117,5.0,1.2066075321389458
121.0,54.92766834864069,195.74626051793007,3.9259469492942562,0.4984206185799575,5.0,1.8450339167606675
122.0,60.38687553968802,245.6710734099388,3.8527031480641516,0.5920864452127029,5.0,0.4252616633659268
123.0,65.29788020284265,285.640205138732,3.8635755997765657,0.6223326828447251,5.0,1.2556222037887665
124.0,60.064151483767496,233.22647195591935,3.9330224453827367,0.41237740959703134,5.0,0.7746305974660143
125.0,60.525454560051934,248.15999370074235,3.84213105943756,0.867136517692226,5.0,0.6299520903837883
126.0,51.73608493319118,170.56424345803225,3.9614079131116395,0.4257774006085188,5.0,1.0294345224186965
127.0,61.85169365194792,233.37287903184915,4.048800744867844,0.28305222007163383,5.0,3.0525831935985566
128.0,61.84865443151823,255.48034749722456,3.869470201439359,0.6151172099396445,5.0,0.6012165675825224
129.0,71.17499074509122,303.20905425028775,4.08748654845893,0.38812716495133504,5.0,1.5554968183597764
130.0,69.15069645819122,309.06533728747377,3.9334298424670817,0.4825630800398149,5.0,1.3649819204279623
131.0,68.68462702719279,306.5764169966701,3.9227458547625047,0.6272456640866014,5.0,1.2510027095682297
132.0,80.89078787400805,436.2930862703322,3.8726647275548562,0.7335126502167406,5.0,2.165056998947284
133.0,67.39700958865846,307.89408068003604,3.840961530592403,0.7321354319385749,5.0,2.1266866753044518
134.0,63.065587567364894,263.6791437492841,3.883779423095527,0.8281668662873727,5.0,1.0299269551804153
135.0,71.11923940256199,341.4213010679241,3.8489458119735933,0.6490060334758305,5.0,0.8990484375064693
136.0,57.92976114117918,217.1216936036585,3.9314262112923766,0.5722438215036232,5.0,0.17005484313534025
137.0,61.13449352058048,248.7456220044619,3.8762215855322864,0.5780825848992135,5.0,0.6358845666199542
138.0,65.5991456175586,283.4440989997861,3.8964084193299957,0.5400003067010921,5.0,3.0063138756126975
139.0,59.725593554488455,223.85641909642163,3.9918636466201796,0.3948342796012918,5.0,0.7205894335296147
140.0,43.91269994587709,130.15589050145047,3.8490914213305274,0.7995660283479147,5.0,1.6159561445086568
141.0,58.74167848864591,220.48905635004212,3.955968570457417,0.45577917312209265,5.0,0.7284061737883794
142.0,60.819084906797514,236.59383470230205,3.9540136998684168,0.8539341468995979,5.0,2.6746411279189286
143.0,71.92005175481097,335.27220387887974,3.9278167391073784,0.5063875368926579,5.0,0.1658608669477125
144.0,58.39127395228054,222.83156956491484,3.9116464163499898,0.6326859479455841,5.0,0.17664596283038378
145.0,63.177450097454084,263.5327366733543,3.8917488645331,0.7125514735670525,5.0,2.5836752985969653
146.0,65.14208207596121,257.38363948430833,4.060421947601169,0.3466043248707248,5.0,1.9571535275331207
147.0,56.95044637041115,202.480986010695,4.0022573316258025,0.367135118443745,5.0,1.7361462843403495
148.0,58.401539558902385,218.58576436295652,3.95014791841611,0.5006385043986299,5.0,1.946293785224637
149.0,67.96610774867658,309.0653372874731,3.866048068751016,0.549131476379947,5.0,2.8579109871660275
150.0,50.47480068841767,169.39298685059657,3.878170511420097,0.5925983495036092,5.0,0.8364545329142219
151.0,83.3918097951625,435.85386504254325,3.994412833310368,0.418181613154601,5.0,1.20073699043298
152.0,69.77922619799327,325.9021510193825,3.865294027372648,0.721768051961166,5.0,0.20500238324346864
153.0,63.030701244121914,249.1848432322504,3.992926606386348,0.40375462548187024,5.0,2.024537042271212
154.0,79.25004375942136,423.4092635885236,3.8514062685772594,0.6408818157190808,5.0,2.0551401134687155
155.0,67.94675935986943,306.2836028448105,3.8824589706247195,0.6039221046444837,5.0,0.8733292320516304
156.0,75.8265203497937,385.19701677088756,3.863488904504309,0.6228747178912032,5.0,0.8871956813622952
157.0,56.10670406967521,207.31241951637276,3.8967459898306074,0.5905764582390052,5.0,0.7083918879892128
158.0,75.92971496138242,365.1392473685273,3.973585036270975,0.3627260077329152,5.0,0.9262094372698932
159.0,80.99591671222854,428.53351124606115,3.9126475670807763,0.47219250768735177,5.0,0.7067801672444333
160.0,89.74121728478073,540.974145560026,3.8583684825959783,0.6356723725350268,5.0,2.7769574987844714
161.0,71.08739898232112,337.90753124561206,3.867173779324276,0.6777570962087366,5.0,2.228412765913437
162.0,56.665427858928766,202.04176478290492,3.9865534899370654,0.46712983453827844,5.0,2.3752641858341974
163.0,62.48679278157027,263.3863295974252,3.8502738468690496,0.6835868980591674,5.0,2.0719065989480185
164.0,64.71749739382838,279.63751502561536,3.8701161370428885,0.5845223507166695,5.0,1.8451900796863374
165.0,62.783397583306105,267.0465064956679,3.841946950227465,0.868204855685514,5.0,1.258119717563354
166.0,89.85926614081019,536.8747474339957,3.87816586150735,0.5712383211050722,5.0,0.8505910362202562
167.0,70.88924949345801,324.58448733601654,3.9347441510822856,0.4346812969098759,5.0,0.762783036925326
168.0,84.15460708733056,463.5248023932472,3.9087816239691144,0.7624536111505834,5.0,0.045984343103537724
169.0,70.01169180252512,308.7725231356128,3.984292821915477,0.41387864330304813,5.0,0.6535662970802317
170.0,72.1079784900089,339.9572303086277,3.9108501834890212,0.6961270529649916,5.0,1.0333268679355316
171.0,70.74747406404467,318.43539014697126,3.9646081966633244,0.5329406751979747,5.0,0.8705884830382042
172.0,90.68092313846864,548.7337205842987,3.871106397349313,0.6558906157405687,5.0,2.0499204797366763
173.0,64.52566629303756,276.709373507023,3.8790069902514137,0.6431663562401686,5.0,2.8430770772129637
174.0,58.886195925288455,222.24594126119473,3.949995313675456,0.44141956605353566,5.0,0.6985334704964024
175.0,76.78414223451932,378.02307005033526,3.9492296109705123,0.5005247849878043,5.0,0.9957102596802079
176.0,77.8770346190399,407.450892312193,3.85808480414767,0.6952930183753196,5.0,1.1946788413474536
177.0,71.77844934270922,334.24735434737295,3.9260884786533383,0.44763783642537064,5.0,1.2187749841398283
178.0,62.907339269483046,262.5078871418468,3.8826669452314895,0.5752352513904923,5.0,0.4347052376024707
179.0,62.31487665660833,249.0384361563208,3.9487400944791804,0.541432382447807,5.0,1.60419252133172
180.0,90.94399723015198,511.6927303740981,4.020401396689965,0.3398253753178294,5.0,0.3638910789086482
181.0,49.973356235791776,165.1471816486362,3.888686519559314,0.6278097456205204,5.0,0.8192797263871325
182.0,82.26764274791378,458.83977596349723,3.8405951038946595,0.9159351740214359,5.0,0.3628693972539747
183.0,78.38244820111127,409.20777722335015,3.874778529123063,0.831387978990448,5.0,1.1188642069562809
184.0,58.45812125461491,193.55015437898646,4.201923029070756,0.34210065665642647,5.0,2.393146526809474
185.0,56.1800930453355,209.94774688310463,3.877277143648098,0.5846235978937631,5.0,2.6267338381704683
186.0,61.868100295218724,246.2567017136571,3.942509529248457,0.5570460268953685,5.0,1.0770312176357488
187.0,63.117096686058844,263.093515445566,3.891275158817817,0.5851048808109757,5.0,0.31008098697506675
188.0,61.45875402706029,254.30909088978706,3.853921006762746,0.6742092273647895,5.0,2.0876828467357686
189.0,63.19076203681011,257.53004656023995,3.9376729251332425,0.44774453501918815,5.0,2.4276465419969213
190.0,65.73161214026366,275.9773381273767,3.9567405449283863,0.4303596674539718,5.0,2.7724038087828173
191.0,86.29423354529426,444.05266129460233,4.095100242249921,0.2842776053383215,5.0,0.5628526849649985
192.0,75.60522937784425,380.07276911334975,3.878095126996161,0.8210650244880842,5.0,3.097184246597353
193.0,75.44633574436534,379.63354788556035,3.8721828765021074,0.6068840846726107,5.0,1.1064583488852082
194.0,66.61472431767112,301.89139056692056,3.833936106671536,0.9584261958589129,5.0,3.010735902389153
195.0,44.552652855210866,134.8409169312008,3.8367430963288562,0.7810624836344319,5.0,0.29995340155292183
196.0,66.09004949257302,292.0821164796366,3.8670838914003594,0.7888320596151723,5.0,2.1405964624322147
197.0,66.90873093234921,290.3252315684804,3.9268146454905684,0.5050590527034273,5.0,0.6167150431317789
198.0,63.62134436155503,268.8033914068228,3.8804801830970828,0.6318343282766661,5.0,2.8140902176723293
199.0,57.71191150027998,218.87857851481567,3.90089112514167,0.7019500630411029,5.0,0.36615400121923847
200.0,77.35461386268274,395.0062908581749,3.8921020284812626,0.5976859446732642,5.0,0.5611603106841428
201.0,72.43211493839041,346.83836287732174,3.8892656012069695,0.6274543596460735,5.0,1.4468395283867732
202.0,61.16960197480242,249.18484323224948,3.8750279848747464,0.785449939206117,5.0,0.48548871711552194
203.0,80.26730202369086,434.97542258696603,3.848631287945256,0.7751001855854465,5.0,0.940796351384737
204.0,58.93065356833066,231.3231799688324,3.874642882682214,0.6423953338846512,5.0,0.30878817266343966
205.0,63.61317661964907,269.97464801425986,3.871556409806557,0.5944862077302081,5.0,3.0235666589266037
206.0,78.35802150683689,403.0586800343035,3.903006932158359,0.6421332208020518,5.0,0.3499708542877034
207.0,60.081691155881366,230.1519233613983,3.9603616301837907,0.5901797093417965,5.0,2.5285283153560147
208.0,74.69938669748518,345.2278850420962,4.0203522140723384,0.3817225385991854,5.0,0.6975688735433025
209.0,76.77213246448946,399.1056889842034,3.8429049674104756,0.41263694936680656,6.0,2.581866792586527
210.0,77.94846121120803,417.40657347540855,3.8152930730158228,0.7477072133399024,6.0,0.3445399727487827
211.0,64.87342029314951,288.12912542953495,3.8218462801157815,0.4396648400096801,6.0,2.1825595853996553
212.0,78.84361911336447,391.9317422636518,3.9825508731246697,0.2746383649523408,6.0,1.08191739892415
213.0,80.94642662215352,462.49995286173714,3.76393257564115,0.7597203621263496,6.0,2.6925596344192035
214.0,74.33285986893894,394.1278484025958,3.74422794983212,0.8401090660200106,6.0,0.9156993592711191
215.0,85.79591143940772,514.1816506649016,3.7836269063644337,0.6783367356609301,6.0,2.2722345049596644
216.0,84.75077784742152,500.41938552751543,3.7885814650562915,0.5320215333872886,6.0,2.3346605658868658
217.0,65.8937292096087,295.5958863019466,3.832612342929739,0.6637830118400186,6.0,2.2459201020682737
218.0,91.62460632834936,579.4792065295226,3.806213920622744,0.48631143971194546,6.0,2.413222356821353
219.0,76.71574359487431,326.1949651712423,4.247622105064645,0.17804334971700583,6.0,1.6203817746300648
220.0,65.16515424171533,292.0821164796347,3.8129660997920243,0.6165491474901003,6.0,0.1136553530269432
221.0,79.72194279740643,411.69669751415256,3.9290647156995275,0.3693521459586883,6.0,1.7771453459581676
222.0,78.08597588771899,416.38172394390085,3.8267246404307187,0.8392940888062264,6.0,0.1444196314773006
223.0,80.86425245208046,451.2266080151562,3.806792679013044,0.502560703925687,6.0,3.059675517448274
224.0,85.33818236478676,489.146040680933,3.85854986593841,0.5254583794468299,6.0,2.117730386797599
225.0,74.34711787699766,389.8820432006358,3.7652821092832256,0.7585313040440058,6.0,2.454816015733249
226.0,69.50867717651913,324.58448733601597,3.8581147765574157,0.4822594728155705,6.0,1.5749216457259523
227.0,69.24551074329453,308.18689483189587,3.9444325986493256,0.3528310800349897,6.0,0.19679935464912732
228.0,69.83599107172242,334.83298265109073,3.8164992820915375,0.7570896587563805,6.0,2.2372016051315793
229.0,79.28205157479573,434.68260843510564,3.802670955200524,0.5843254622569345,6.0,2.8221072496908493
230.0,74.36534095169938,391.6389281117911,3.7577479522668025,0.9482822735541828,6.0,1.2482386705972521
231.0,75.12428739704012,368.5066101149092,3.9134313902994644,0.5375221232089474,6.0,1.4738063830403885
232.0,76.32454467607815,394.27425547852533,3.8438374344538473,0.46563756072905343,6.0,0.9122422082902122
233.0,71.70591731736164,341.56770814385413,3.8798648086943235,0.6492141377346567,6.0,2.357810863871945
234.0,82.08146368923181,447.2736169650557,3.8811323382633973,0.48735001442607945,6.0,0.6593667981980227
235.0,73.84781123419685,379.34073373370165,3.791603259079471,0.541302988705498,6.0,2.83191979937093
236.0,82.8824325842397,459.27899719128595,3.867445445753414,0.47273790613665223,6.0,1.592630574886843
237.0,63.76580779209176,266.0216569641589,3.9095733771985173,0.4162857931440737,6.0,1.6628438761100677
238.0,82.279172679872,455.76522736897476,3.854067551462879,0.5262824037136835,6.0,0.35260450294067663
239.0,70.44291684594441,341.27489399199504,3.813161156820956,0.6331192859887285,6.0,1.8018559654195507
240.0,54.209520398484216,209.36211857938713,3.7465066933711864,0.7526786270999597,6.0,2.582961577090164
241.0,75.39890515627351,393.5422200988772,3.8007506112344625,0.607920634488313,6.0,1.4879599519156377
242.0,64.23983068024941,266.16806404008844,3.9375530198283273,0.5505794753131986,6.0,3.0802485384841316
243.0,80.92903121901685,440.5388914722919,3.8557797155331244,0.4909084889851061,6.0,1.5209297499752987
244.0,59.2066559065381,243.03574604320534,3.797829421383387,0.6148067477839234,6.0,0.2100276244898752
245.0,72.41122696184794,359.28296433134074,3.820213137248629,0.8735359082358711,6.0,1.019036841960122
246.0,71.97385508802452,350.4985397755624,3.844427353589011,0.48721889308291755,6.0,1.7375512692833037
247.0,72.08344197513915,352.40183176264736,3.839869256777693,0.7149585659131011,6.0,1.5811608931812287
248.0,54.106633685487914,192.2324906956194,3.9024479395026015,0.33892299186675073,6.0,0.5560009150282109
249.0,90.01394038949552,534.6786412950503,3.892811330138203,0.7275585106619055,6.0,0.26591942639077604
250.0,88.21229223879561,541.9989950915337,3.789045905417508,0.6866430028594522,6.0,2.8016009745120716
251.0,73.4395879114392,373.9236719243054,3.797858250907455,0.5446925685221137,6.0,0.4305104492685885
252.0,71.29963981502806,355.6227874330999,3.780876965237265,0.5805731954755698,6.0,0.027512762159236558
253.0,68.79343294996376,316.2392840080269,3.8684685748068683,0.5081078945795708,6.0,2.404217466964365
254.0,77.95972892062737,402.6194588065147,3.8852855238376223,0.4088100207328222,6.0,1.82206700080067
255.0,94.65703797715335,617.9842674990175,3.8077129480751677,0.6381556166964026,6.0,0.5785859853340317
256.0,57.083665016939214,213.75433085727713,3.904400750380036,0.3241066243507672,6.0,2.592350264985605
257.0,68.40099492403456,317.1177264636041,3.8410694456642265,0.4207610390003168,6.0,1.9729578361361917
258.0,72.40300062034083,364.99284029259695,3.789783428889821,0.7116201408790801,6.0,1.2239145179769344
259.0,82.14906584842817,439.3676348648553,3.919120331116602,0.4477293439559133,6.0,2.9326479929815163
260.0,63.50425281838661,275.24530274772656,3.8277437184528305,0.5682953806314962,6.0,1.3807843229192482
261.0,81.68454646154939,454.00834245781823,3.8336104964624145,0.5523897699580959,6.0,2.1500592190294574
262.0,63.73534702840437,284.7617626831534,3.7769350671768227,0.6219249264323721,6.0,1.066752977922886
263.0,71.70098407285451,358.2581147998329,3.7881493949110974,0.8078770584189354,6.0,2.569485971983118
264.0,58.63977424686411,230.00551628546782,3.8665458432224558,0.5848421809979074,6.0,0.4957093526982125
265.0,73.13908486604309,358.99015017948136,3.860186216440141,0.5764650385106682,6.0,1.269751734258772
266.0,45.55464834446258,140.55079289245623,3.842519220223567,0.4089868020753366,6.0,0.4536386791831245
267.0,64.69790845097822,286.3722405183792,3.823180323615357,0.8294687895259794,6.0,0.08403454385270381
268.0,80.09507580023677,418.8706442347052,3.913504651703963,0.3608447767153385,6.0,0.771961988239162
269.0,66.1416339472225,295.59588630194776,3.847031359255657,0.7725303566669579,6.0,2.153546358959168
270.0,78.01979512756029,386.8074946061133,3.966955835596718,0.31398070251224036,6.0,1.3204936741040074
271.0,65.7698420980342,301.0129481113436,3.790829141786603,0.7461904979331342,6.0,2.4126234623786837
272.0,69.41163236764382,328.6838854620448,3.8286269477362382,0.8002174911214952,6.0,1.4797676239108473
273.0,59.091404749222285,216.53606529993993,4.015680890315616,0.22038978301196696,6.0,1.4039778459889312
274.0,64.97975805944144,296.6207358334541,3.7729177360066575,0.6993806207960449,6.0,0.7500976054414361
275.0,61.095486650120705,239.08275499310457,3.951254492789248,0.3399604367385375,6.0,0.09601045722573705
276.0,88.40648678627964,512.1319516018868,3.9065482827939784,0.44855171903229873,6.0,1.094002430582207
277.0,67.81328428430871,315.06802740058856,3.8204332078886174,0.51195270921018,6.0,0.18243054110215623
278.0,78.32293179354212,413.3071753493783,3.8525870736137615,0.5751498399006407,6.0,1.0727396273879015
279.0,69.13312797236867,332.9296906640053,3.788872086695775,0.6054786280329616,6.0,1.469259582094323
280.0,83.8126960532523,472.8948552527431,3.8541402689303808,0.7854164209456195,6.0,0.7284395514652984
281.0,72.67089962916259,326.780593474959,4.020058823906233,0.3316986694120423,6.0,2.177655323188716
282.0,69.17255397977519,335.5650180307389,3.77611724981005,0.7865268727780997,6.0,2.493496162061308
283.0,63.94658312749797,275.39170982365704,3.853380652096816,0.5193568207045836,6.0,2.018688094114502
284.0,69.11009967910942,338.49315954933104,3.7563544970051668,0.8922169464451655,6.0,1.331191049425992
285.0,78.09678855030472,393.39581302294687,3.9374795278543,0.6360132349565499,6.0,0.2236314464518261
286.0,55.87357239587693,199.84565864396131,3.9523835279420463,0.34745438348993707,6.0,1.6262985953843534
287.0,67.03124040171936,301.0129481113422,3.863533367560521,0.6942924602638583,6.0,1.3033301169826321
288.0,75.83505190511164,398.22724652862576,3.8001829305464785,0.8415532226471822,6.0,0.5364982152713783
289.0,63.59535707260085,278.9054796459675,3.8079995348670623,0.6399114727503049,6.0,2.9696080937281146
290.0,75.31379726602299,376.7054063669689,3.8803742896601703,0.4036023733895108,6.0,0.3260164630409685
291.0,65.85140042861227,303.35546132621766,3.7808470283682305,0.6207259891682319,6.0,1.0268948953999821
292.0,69.06812281623232,333.8081331195831,3.780325498552753,0.7603217497876491,6.0,2.301716474201634
293.0,65.33314144686705,299.8416915039063,3.7730063097575304,0.7032510350170004,6.0,0.12286633431950167
294.0,76.26300407182529,410.8182550585742,3.7626085821602477,0.7002272171334856,6.0,0.2694834990724864
295.0,77.69494130821197,418.7242371587763,3.7968959239637146,0.5189904744826302,6.0,2.3496530852524176
296.0,62.51127599866,272.1707541532036,3.789113684723755,0.688572129335845,6.0,0.05607837146452704
297.0,69.88532439876326,341.7141152197837,3.7805459948475044,0.5884966116770657,6.0,0.09893984671646582
298.0,73.37165187370975,366.31050397596323,3.833571879261763,0.8776182883065383,6.0,2.709494054579157
299.0,60.30935347967492,239.6683832968232,3.8956443343139706,0.33905218126390374,6.0,0.5044657800653394
300.0,65.241048712176,296.3279216815947,3.7899601706880763,0.6081961847190908,6.0,1.3101101505978046
301.0,68.3577306780106,304.0874967058662,3.920020651420842,0.3595037223882895,6.0,2.8081138569839013
302.0,76.62185734569655,401.4482021990775,3.8241763960761537,0.5067059910300179,6.0,0.3500425009519106
303.0,68.44393836958756,333.2225048158641,3.7494522681257285,0.8772566469359211,6.0,1.5362360863713151
304.0,76.38651252148576,417.5529805513379,3.738185843011204,0.7943932209662988,6.0,0.5607961873166845
305.0,59.9543179355267,242.5965248154165,3.8492682629530455,0.4868900490845818,6.0,2.9376953644358896
306.0,76.2556591366243,396.4703616174702,3.8297172936038333,0.4575451978739291,6.0,2.4816382817339555
307.0,58.557548785548406,235.5689851707939,3.8152573123409006,0.6330463477475434,6.0,0.6198612952343793
308.0,69.7710383674503,330.44077037320176,3.838206825614523,0.4743818251230699,6.0,2.7254347353774633
309.0,65.85540629442096,304.6731250095843,3.7728918812101098,0.5904949011664655,6.0,0.5787698074131982
310.0,74.80826531789124,396.47036161746973,3.7570261753180967,0.6297951501859348,6.0,0.4441960113975613
311.0,69.8154681233239,331.02639867692005,3.83725216460613,0.5398065307918083,6.0,0.2726716449156067
312.0,80.68270975416355,423.84848481631207,3.918999050145544,0.44564723831056974,6.0,0.47370628373184454
313.0,74.91751296985046,369.38505257048587,3.898016678381878,0.40042973066053655,6.0,1.1867383600056784
314.0,50.6826914127597,167.48969486351007,3.9162068576027416,0.44268732674299077,6.0,2.3229298039365274
315.0,77.26730826407841,425.8981838793279,3.7440607689895247,0.8660313180863566,6.0,1.1353997798041413
316.0,67.61312354246455,306.4300099207403,3.8624720699343333,0.5030087801167628,6.0,2.757507739903519
317.0,66.70361764335364,290.4716386444097,3.9137900155059127,0.6241830592409566,6.0,0.10063190514457503
318.0,66.59421335225476,287.689904201746,3.9262159439784483,0.3895859838947152,6.0,2.8179495808466273
319.0,59.4575378831217,236.30102055044222,3.867890071605104,0.46611017571237534,6.0,0.4479783631619165
320.0,77.42756444455509,412.57513996973034,3.811922570813241,0.5373576957013659,6.0,2.5750080747868584
321.0,77.63223644995641,422.67722820887525,3.7760494427648954,0.748581168222435,6.0,0.22701185407425156
322.0,68.76469774002264,314.4823990968707,3.877638925595269,0.4617719315150318,6.0,0.6223158876871852
323.0,85.4524982904394,493.97747418661106,3.844777320880005,0.5292115779805072,6.0,2.785336259544805
324.0,66.11039825981864,281.6872140886305,3.9390020435938267,0.3601998183699244,6.0,0.5403620888375398
325.0,70.29806482974777,328.24466423425747,3.8801144172861277,0.42955537391023035,6.0,1.063729638294555
326.0,80.12928739176569,430.2903961572183,3.8628732129752406,0.48223437175120415,6.0,0.11991003669483334
327.0,87.42779111078178,545.0735436860557,3.744742454694894,0.7718411727715674,6.0,1.5942909243689214
328.0,73.51079712431141,370.55630917792274,3.8187746071700155,0.8005540773211889,6.0,1.9235804156375047
329.0,71.64473386263965,342.7389647512907,3.8699248669704054,0.6140739862191156,6.0,0.47436931256452725
330.0,63.32302705972401,268.36417017903307,3.865444139294733,0.5249896048986815,6.0,1.8467443381008242
331.0,64.2251855988571,286.811461746168,3.792338687496396,0.8114176083849765,6.0,1.5949063091634914
332.0,72.69652537458654,366.3105039759637,3.798297411590813,0.779437661505576,6.0,1.920778094222251
333.0,74.9964629112749,367.7745747352592,3.910658837070641,0.34679513319983607,6.0,2.5802912107969336
334.0,63.5561282210154,272.756382456923,3.8483093118016583,0.4074009097622327,6.0,1.6387675911831654
335.0,79.21374186896585,418.28501593098576,3.8731505210789408,0.6497471199188675,6.0,1.2019311606405152
336.0,72.82859935147445,352.6946459145072,3.8779528478774257,0.3803027093498075,6.0,1.9991175507539163
337.0,74.95525416990286,385.19701677088847,3.819096425417174,0.6135641151497904,6.0,0.8766018578621559
338.0,73.58299599652227,365.57846859631536,3.8484616388808037,0.5856986398555498,6.0,0.0031225199056712084
339.0,68.24361653623347,327.0734076268195,3.773457093337293,0.5946260199538785,6.0,0.18869396520584708
340.0,67.76725755548959,306.1371957688808,3.8731280978271108,0.42405747043532194,6.0,2.003198460966594
341.0,89.16122076796731,508.178960551787,3.9551928664723794,0.44479579556276116,6.0,2.5110801600847337
342.0,84.16621180410377,490.46370436429925,3.800444053922448,0.4975316281622363,6.0,1.3982680161720975
343.0,60.30068810538626,253.8698696619989,3.7845712684149095,0.7407056582529586,6.0,1.1288320057890147
344.0,73.29565812172639,377.14462759475646,3.7741945739972653,0.6964842611499862,6.0,1.8236032430688536
345.0,66.40512947604333,267.1929135715968,4.062460581204649,0.29702368971399906,6.0,2.050130325922524
346.0,74.65712201720177,391.19970688400326,3.7746091104765926,0.7723196516127241,6.0,0.8182348605724683
347.0,67.72209945069041,323.4132307285788,3.765750321175148,0.615684394733018,6.0,1.4730354602018665
348.0,70.80363584704699,348.74165486440666,3.7914352869329235,0.6712694131142874,6.0,1.9874482179374475
349.0,74.33300462270545,392.2245564155105,3.7533088043874328,0.7675496919125095,6.0,0.7370390531575175
350.0,73.37281763531647,369.0922384186265,3.819159011707923,0.5359964672412825,6.0,0.02893317952721686
351.0,74.77486418946708,360.4542209387764,3.9384975093333163,0.42441732796673454,6.0,1.0211507060857254
352.0,77.13762152816228,419.30986546249346,3.767026742989776,0.7106043203441831,6.0,0.859069953013003
353.0,77.39914538783003,418.1386088550562,3.785088431122605,0.7737309391410961,6.0,0.2462839962853713
354.0,69.27253661479793,309.65096559119195,3.9366324816221887,0.2892454838685129,6.0,0.9660532922827185
355.0,74.96232023269563,383.5865389356611,3.82746599799263,0.7451193126515779,6.0,1.1550737244002358
356.0,74.1620038359727,384.6113884671697,3.78155469246765,0.5920990078823548,6.0,2.140361575143844
357.0,66.72648517907604,310.09018681898215,3.7892585361586795,0.6276043033857057,6.0,0.585837397577339
358.0,84.9041571435099,508.618181779575,3.7647228893615177,0.780458416888798,6.0,0.7201749349453216
359.0,71.02826343212087,355.32997328124065,3.768038010442969,0.9146177651264294,6.0,1.9280358508484776
360.0,72.13942536070188,353.4266812941539,3.8372757774886863,0.5648753430390484,6.0,2.808903812077244
361.0,60.96608643233573,248.30640077667363,3.8689610720020826,0.49427274154673806,6.0,0.7906063083629329
362.0,63.93730112737748,260.45818807883325,3.9617338182499124,0.39859984079032884,6.0,2.1964861958102984
363.0,65.42267380240966,296.7671429093848,3.797697614799724,0.6174211212671302,6.0,3.0675084198763676
364.0,72.32827780369199,363.6751766092302,3.7927244825672433,0.601577636086029,6.0,2.620420658044086
365.0,72.30997058871134,353.4266812941562,3.846347503096895,0.4578122033627039,6.0,1.0330581276567017
366.0,73.67350919729137,370.1170879501351,3.8294974819184726,0.5153338824354459,6.0,2.2177598398909515
367.0,66.2177725609713,308.04048775596584,3.7728597963194854,0.5690895992817933,6.0,0.5248788657573745
368.0,72.93669498449844,371.4347516335017,3.7844677874005987,0.5722445203945751,6.0,0.1081276827624206
369.0,73.54707816295301,364.84643321666726,3.850440099515809,0.4637957256030329,6.0,0.5634996842675254
370.0,68.6305323038364,331.4656199047088,3.7696247709454607,0.5903861613303968,6.0,0.6688831554157403
371.0,78.199265720199,392.51737056736965,3.9470555142598176,0.2860252571095864,6.0,0.7648745390819228
372.0,69.9891921424385,330.5871774491311,3.8493551189329738,0.5343671260036775,6.0,3.0920255232879392
373.0,61.50735169495701,268.6569843308921,3.7525627255837315,0.9518114120888088,6.0,1.532894408114331
374.0,72.27868092843148,366.89613227968266,3.7734504486233065,0.6571328475499161,6.0,2.992557930872675
375.0,62.12428210346898,272.02434707727457,3.7666693214876,0.7827024324913486,6.0,3.122698061015634
376.0,75.11490785563122,396.3239545415404,3.77312312593603,0.9133109313622548,6.0,1.3635640732502994
377.0,80.23603756487591,420.9203432977197,3.9108351964281725,0.3916024762219656,6.0,2.7206920645782637
378.0,66.54786796352406,301.0129481113438,3.835672842636095,0.4117264565971395,6.0,0.2373261994647685
379.0,77.79511692820228,425.16614849967914,3.772880053430422,0.6542083872283335,6.0,1.0335094834024292
380.0,60.41180437605708,246.11029463772775,3.8508527940377872,0.3782990692458998,6.0,0.483242146246111
381.0,69.35185381892266,309.79737266712164,3.9402085530165203,0.35788920213564857,6.0,1.449620451478216
382.0,69.51783051241443,331.0263986769203,3.8208931742930785,0.44250959649436716,6.0,1.5402816248187412
383.0,67.26891839679931,305.8443816170213,3.84648631248858,0.43759145505757147,6.0,3.0613344459212763
384.0,63.03667782323411,276.4165593551643,3.791501990651509,0.7398254097046554,6.0,0.2828706504149673
385.0,74.24225571168455,382.2688752522931,3.7972281281436175,0.7140691511278964,6.0,0.34289871746092593
386.0,63.70999820292846,282.2728423923477,3.792041176900899,0.593970350436847,6.0,0.9465818377722774
387.0,60.52041368883851,253.4306484342087,3.801651660369411,0.9357190207947716,6.0,1.0767221145892063
388.0,69.68285490350614,344.49584966244777,3.7543429198990537,0.853832805548322,6.0,0.6367985616145472
389.0,65.75538695621505,299.1096561242575,3.802035092640076,0.4615894120459947,6.0,0.23293192362963044
390.0,67.65542165391466,297.49917828903153,3.922470805020511,0.28613250669764273,6.0,0.18457642532640098
391.0,73.6630813909494,348.5952477884773,3.9453828339103145,0.29107714886990915,6.0,0.8264578803369105
392.0,70.53051899164174,322.9740095007902,3.924580955573878,0.9368888282042088,6.0,0.20774604797041377
393.0,82.83442563308799,483.7289788715357,3.7662557909952366,0.7508070475240197,6.0,1.9871758804393087
394.0,74.44360304491335,380.51199034114006,3.816306187446099,0.6926500918092979,6.0,0.0911884631518374
395.0,73.76727507074233,381.24402572078793,3.778002297702197,0.5570974522227431,6.0,1.1245705332419158
396.0,68.66083774151198,327.6590359305369,3.7931325866368324,0.5216771442258153,6.0,0.3903961990392236
397.0,59.66200347501813,244.646223878432,3.814420560461124,0.47456988588091226,6.0,1.4692479506172647
398.0,74.3941283693571,380.65839741706804,3.8130364103693304,0.5650997046364105,6.0,0.15792484354124778
399.0,73.92311175751199,385.929052150535,3.762933155401827,0.8409644382008977,6.0,1.0397630755552423
400.0,93.32094375708151,581.3824985166084,3.870331326846785,0.41544804982174144,6.0,2.5838822797562724
401.0,70.81309891723494,358.1117077239037,3.7420048026797748,0.8992769172939129,6.0,3.0031995966287677
402.0,77.89498571089673,434.68260843510643,3.7361419619564087,0.8786030406457742,6.0,0.48734289640588374
403.0,76.41554759153362,394.5670696303837,3.846992249914759,0.8035845316307266,6.0,0.45448256802135595
404.0,74.63379651448484,362.7967341536505,3.918355626650551,0.3438964639304589,6.0,0.1763332808539756
405.0,83.09318429568577,488.4140053012843,3.7598571758762214,0.7653701722514364,6.0,1.2305178914791628
406.0,67.39797383664529,303.7946825540073,3.8668449349515686,0.7169373252056684,6.0,1.3773395831392017
407.0,65.12037534882802,301.0129481113436,3.7533953058372567,0.8334573279023767,6.0,0.25843798529334405
408.0,81.79289319311584,467.7706075952053,3.781804773651622,0.8428853913977814,6.0,0.2358100526160548
409.0,74.4312286999022,371.7275657853588,3.8604933121864216,0.3684570022084813,6.0,0.8990459728982465
410.0,69.26874176919155,336.00423925852897,3.7788958332552,0.5757735287985187,6.0,2.7324485453016845
411.0,93.02952268128121,604.6612235894204,3.7832473225404875,0.6877645612355475,6.0,1.2748109084515962
412.0,76.233764389577,411.1110692104339,3.7598262908383173,0.6915734410710452,6.0,2.1371183782846224
413.0,86.30996259095079,492.2205892754555,3.8902816114759995,0.5435471831284469,6.0,0.0419874935916283
414.0,76.25942366572357,375.09492853174174,3.9375213586907707,0.29108304550471326,6.0,0.46776873176180234
415.0,82.05054287527436,444.4918825223938,3.8917912901434715,0.3802284636918356,6.0,2.648402329353714
416.0,73.43591537470722,382.5616894041532,3.754548980761804,0.837851504510466,6.0,0.25345949096201564
417.0,70.66141406401167,352.4018317626487,3.7641181396195806,0.66256245786251,6.0,2.9822039924270975
418.0,67.98092457088464,319.75305383033697,3.8017164011205757,0.6596215162011184,6.0,2.6058678510324107
419.0,83.06566238853955,484.0217930233962,3.7756269253058172,0.5970640738806398,6.0,0.4553665205986874
420.0,76.84736676604173,415.21046733646335,3.7713326756542114,0.7422421119555666,6.0,2.2457168095501645
421.0,69.99521714370502,333.80813311958264,3.831068419929576,0.469843013611762,6.0,1.659964123770666
422.0,80.30020095551771,454.0083424578179,3.768640539566692,0.9360719672705942,6.0,2.3149658714588326
423.0,74.08005577089905,377.7302558984752,3.8116271715445014,0.46090950516261053,6.0,0.6002547381063709
424.0,78.40203364264075,419.017051310635,3.830112052018267,0.4396796312114889,6.0,2.100537859185435
425.0,66.42480108967594,301.8913905669199,3.8230052872653992,0.5697967610650637,6.0,1.6208199573381026
426.0,63.835498603787165,288.12912542953586,3.760699864070253,0.8590203865517769,6.0,3.0847503196809596
427.0,69.2186817639411,340.689265688276,3.7501107958650013,0.6627907984770046,6.0,2.0860359118918996
428.0,83.64980629441253,492.65981050324444,3.7686983010753354,0.8278411967946308,6.0,0.986312848134776
429.0,70.64793399571548,346.25273457360254,3.796670081874175,0.574371386170756,6.0,1.7380762686705362
430.0,75.06441881473657,346.54554872546237,4.032310475011954,0.3189378256102531,6.0,0.8918684798543461
431.0,79.52851908615759,442.00296223158875,3.782773217294968,0.9202281654804155,6.0,1.4107846065963197
432.0,88.98559704456738,550.3441984195251,3.7931718801709393,0.5117862462367331,6.0,3.1188306131937256
433.0,81.01482713880966,457.2292981282717,3.788763388976345,0.5769019693408022,6.0,1.5396900656192047
434.0,70.16953183907461,350.644946851492,3.747268278252101,0.7026717250633752,6.0,1.1594983850999376
435.0,84.40090235461774,465.2816873044012,3.9128131550276026,0.3815255470890923,6.0,0.6554254051239128
436.0,84.49743537157117,472.4556340249537,3.887433845513688,0.7492917954324523,6.0,2.1932985684040163
437.0,82.46737245454378,481.9720939603817,3.756394627429554,0.8270271890777484,6.0,0.48716395794887424
438.0,92.39555284899888,554.5900036214834,3.9234222420864016,0.6163800305100462,6.0,0.11799620050038255
439.0,79.19872690967793,443.90625421867344,3.75900210218506,0.7247698672157703,6.0,2.1038244475849277
440.0,92.76999695867336,590.7525513761047,3.81684689423703,0.43517380061991634,6.0,0.6543841316120296
441.0,70.62939453194348,301.3057622632034,4.068944485630232,0.20292994113709018,6.0,1.208571846342203
442.0,72.33386642614819,367.62816765933076,3.7725698539104697,0.8732128351273862,6.0,2.7101532049084818
443.0,76.33207859335684,397.495211148977,3.8286100795312303,0.45144974795376935,6.0,1.1050884995217949
444.0,82.21523539529468,469.67389958229,3.793622315508736,0.5841387414606328,6.0,1.9220054920711431
445.0,92.27370409902869,589.1420735408792,3.801613272038087,0.4617966055298111,6.0,2.8097872186985984
446.0,72.9294937297687,379.6335478855617,3.743009306233513,0.9527688754639745,6.0,2.9199715144327434
447.0,75.46626570913173,396.76317576932934,3.788673510318219,0.5647489247328347,6.0,0.6980673343188635
448.0,75.62870383686531,393.2494059470191,3.8137535040815913,0.66374433349457,6.0,1.1429635461943857
449.0,101.06407238086939,633.2106033956984,4.016268183492942,0.22333528576778558,6.0,0.2697696241914893
450.0,93.39227215206776,585.1890824907773,3.860671360987044,0.5463595968068723,6.0,0.7910641296488681
451.0,62.4015295128707,267.1929135715959,3.8175327094930447,0.48133715943596406,6.0,0.11516778373282349
452.0,101.865620780396,711.0991677902693,3.819992858352895,0.5220834976030336,6.0,2.498763490972233
453.0,66.6448991644029,296.32792168159585,3.8715121598814837,0.42333900143422487,6.0,1.5478956869041014
454.0,83.39897405463874,439.07482071299546,3.9800767032996753,0.36825669581383774,6.0,2.2287552590137203
455.0,97.80628163342845,681.5249384524823,3.746501167282533,0.6928012488314228,6.0,2.5771869672458063
456.0,81.6137101061978,449.0305018762101,3.8514582957268435,0.4128435146780658,6.0,1.906662152439824
457.0,69.03931451623194,330.7335845250627,3.7962720001206054,0.5645090725031979,6.0,0.5321124741262395
458.0,77.30169109641317,415.3568744123927,3.792960269230151,0.6805673086355998,6.0,2.05370763701138
459.0,72.32685871123016,367.7745747352594,3.77145345522834,0.6258297988531347,6.0,2.6273537891819796
460.0,78.89697533379037,431.02243153686504,3.8002346872875425,0.8638518204903796,6.0,1.9551163047024884
461.0,96.62179509953651,632.4785680160526,3.841954302900129,0.4233033557192058,6.0,2.5956666513931337
462.0,68.18118665825546,318.7282042988302,3.819040884018995,0.888273823973125,6.0,2.5630037578128366
463.0,89.36928077011333,560.0070654308788,3.7765175704589926,0.6304014630530201,6.0,1.5567177953959608
464.0,82.71291656903145,473.1876694046023,3.802389704717855,0.6184277883637285,6.0,0.7186659080193464
465.0,78.93053275625775,425.75177680339857,3.8253114430628297,0.44138991807712247,6.0,0.004324342854718286
466.0,70.02898521669565,345.22788504209484,3.768989254294109,0.7088330894268987,6.0,0.8142123771361787
467.0,87.70668694685607,535.8498979024889,3.7888824370768233,0.6955818515769574,6.0,2.886990095566565
468.0,71.1688933685315,342.2997435234993,3.84668767536762,0.40121860196533093,6.0,2.8645627598337717
469.0,68.88499659800289,315.36084155244896,3.8790087420308246,0.39051063218611737,6.0,1.9966934360944195
470.0,62.589668499622974,271.87794000134363,3.7959078949901017,0.6866570616667248,6.0,0.7962062281289302
471.0,81.20170017798418,468.6490500507821,3.7509498003328945,0.6167002391003437,6.0,0.47330290284922655
472.0,99.32573089722165,634.0890458512795,3.9444517158343717,0.41416168275650206,6.0,0.21677334303113543
473.0,82.11741130008477,476.5550321509827,3.761652907406075,0.6090638939934407,6.0,2.7440830243377654
474.0,83.3133312072434,476.5550321509836,3.8164358763838493,0.4703562631169838,6.0,0.2782934109315971
475.0,95.89786010476273,622.5228868528366,3.843538670296068,0.498248710643203,6.0,0.892087104122258
476.0,102.00765770813695,668.933929922533,3.9440386569081864,0.3214698343652055,6.0,0.38545852461783014
477.0,64.84448179550071,292.81415185928336,3.789457080996872,0.494178314014451,6.0,2.596424582201287
478.0,67.82871131828134,281.98002824049036,4.039284017132517,0.3709395707328397,6.0,1.026683230010843
479.0,86.02718526465947,499.10172184414887,3.85071324986613,0.4234256653681863,6.0,0.7331146817252182
480.0,89.31142485307603,539.9492960285188,3.8435322406557746,0.47114807764543076,6.0,2.7150310511139395
481.0,75.74075351222157,375.2413356076711,3.90997773964885,0.3692514709174142,6.0,1.4470988595649614
482.0,80.73591633975812,445.95595328168974,3.823145229665082,0.5228502459756702,6.0,2.6642282887601394
483.0,92.0657790367504,577.5759145424354,3.830837192174527,0.4387825566952034,6.0,2.992049453549867
484.0,75.73525755364639,396.61676869339954,3.8028795555395587,0.5174371482421616,6.0,0.01653694836221671
485.0,70.39694671654459,346.25273457360254,3.783181847472064,0.5550835344483342,6.0,2.917613298826534
486.0,58.53177529973913,240.40041867647324,3.7750619840101933,0.8910838549824603,6.0,1.8042757543834118
487.0,79.365241360042,435.7074579666105,3.802181500411865,0.5410962149152192,6.0,2.8428633603520947
488.0,84.91294911173188,502.02986336274216,3.7897376697318204,0.6602457041926468,6.0,0.3459070077996912
489.0,74.01444154076816,389.0036007450585,3.7526637836872574,0.9607529594267418,6.0,2.7279932059546983
490.0,80.44835264691696,448.73768772435324,3.7977019932917107,0.7801521533241077,6.0,0.2450850099008339
491.0,70.76282988030613,354.89075205345034,3.7562790777567057,0.8946388716038041,6.0,2.127683462583141
492.0,90.8548728084148,544.9271366101257,3.8920553412079877,0.536237933723188,6.0,1.0614344344302546
493.0,85.5151639747186,498.3696864644992,3.83060458062814,0.5027421830575258,6.0,0.8651900296688413
494.0,69.40586889601276,328.8302925379767,3.8274566991571675,0.5343450875375546,6.0,0.7946101727574639
495.0,92.49203408258,591.4845867557533,3.803055072574309,0.5702255975278299,6.0,0.76741418913401
496.0,91.55390074119265,582.4073480481156,3.7937038885147487,0.4673167514215168,6.0,0.397287900328339
497.0,67.41075237708048,314.7752132487294,3.7995215402180835,0.8253251046554794,6.0,0.9326345550149844
498.0,70.22402744361398,341.421301067925,3.8004972859605624,0.6670110709743654,6.0,1.17406257165219
499.0,72.82564113231764,374.5093002280237,3.7631628539359343,0.7830862738301291,6.0,1.5967238455466035
500.0,91.35578615321549,590.4597372242449,3.759593713903338,0.6447245512631307,7.0,0.4288277063268582
501.0,79.3962015342868,426.7766263349057,3.84325687239974,0.838821314826857,7.0,0.6206596992017065
502.0,77.79432604189137,430.7296173850058,3.74839677078806,0.597190968282713,7.0,1.500379525630544
503.0,82.65414199782734,471.13797034158716,3.8079441374586107,0.4904051771583379,7.0,1.514522761037231
504.0,83.28667112184733,501.4442350590225,3.719325458060213,0.824795876223709,7.0,1.779611029959106
505.0,83.45595902958097,461.76791748209166,3.883698204092492,0.4703259701481568,7.0,0.5694031456132593
506.0,101.2396505271414,671.1300360614775,3.907934710580106,0.25000546353632364,7.0,1.8001413368225248
507.0,82.52889354274308,468.2098288229945,3.8140445317485563,0.6367006831437011,7.0,0.7048121750234578
508.0,72.77468836462145,371.28834455757146,3.7768061648863664,0.6031413958909141,7.0,0.84127493923766
509.0,73.8014255741818,376.1197780632499,3.805411841849275,0.5193829767484671,7.0,3.1407293096032016
510.0,96.6042091527057,644.3375411663536,3.8057419006148483,0.6162330042787758,7.0,1.9829714562128014
511.0,75.18688020415973,405.10837909731754,3.735566324102282,0.7576864944238413,7.0,2.5350895332706127
512.0,90.3619005385968,538.3388181932927,3.8945520121692923,0.29421604636744425,7.0,1.3692631135344286
513.0,87.39258471376331,505.39722610912287,3.887390394447671,0.3865024149189663,7.0,1.5057839636385149
514.0,90.35451922071474,547.8552781287196,3.8602635343750276,0.3189092641465404,7.0,1.1365210305493627
515.0,76.48704208702486,417.40657347540804,3.7437619334060135,0.5542445471344359,7.0,2.1573422266236704
516.0,74.35212634433401,390.3212644284256,3.763416521367418,0.5826006995492938,7.0,0.5772436511851351
517.0,76.60318620052203,407.89011353998217,3.7929336389997856,0.5819611724695026,7.0,2.23877407963372
518.0,78.90066753532231,448.00565234470264,3.72768263741792,0.6365567632450514,7.0,1.0497891638280379
519.0,75.35727167027403,387.2467158339025,3.829404953117401,0.571294115471606,7.0,1.3296214511627502
520.0,83.35259461652626,503.49393412203744,3.7146850830799663,0.7637818523565869,7.0,2.737997014593744
521.0,90.96844189742882,557.2253309882167,3.853677175500899,0.3109561670635675,7.0,2.6756213974240732
522.0,66.66595695738192,304.81953208551363,3.818411431436394,0.5248508334605235,7.0,2.542419065111023
523.0,82.97626528716205,464.11043069696404,3.851618100913753,0.38435832191808295,7.0,2.9798666489059826
524.0,71.76993996291486,358.2581147998335,3.791792513852701,0.6454488627461622,7.0,1.348280186888054
525.0,95.97470861993244,645.2159836219304,3.778367905450456,0.8378032844046543,7.0,1.7766117191971074
526.0,80.01329581290176,457.81492643199044,3.7395314120532173,0.5773023956835545,7.0,1.0478657502048314
527.0,76.56569379425306,417.2601663994791,3.748269065872889,0.6667468532236622,7.0,2.2407743234809656
528.0,63.58738239664673,283.5905060757157,3.7759401643645485,0.471972108114775,7.0,1.3557643739364655
529.0,84.82870968130848,510.6678808425903,3.7538212585556505,0.9920270174036906,7.0,2.4249878584274693
530.0,63.06884296311944,267.04650649566656,3.8594144025897847,0.5299253198526686,7.0,2.4592613560724454
531.0,82.00316218021901,486.8035274660582,3.7166677697594075,0.9213529367009496,7.0,2.7077437919084564
532.0,76.72068416508209,410.9646621345048,3.784514968337341,0.4254675141985843,7.0,2.9122342339128786
533.0,90.44897818656352,543.6094729267596,3.879360655613137,0.32784397521821784,7.0,2.019927980434937
534.0,71.26415329792525,365.87128274817474,3.725692161237703,0.8655124031556591,7.0,2.288969658432764
535.0,71.11205451402546,345.52069919395524,3.825658423809287,0.3517071387561789,7.0,0.1953265971388804
536.0,88.38516572230276,544.927136610127,3.7862576403406805,0.6479445665119559,7.0,1.3366550417868808
537.0,78.97869175540575,443.9062542186739,3.7485585933088736,0.8972003327856592,7.0,2.3292973884274213
538.0,74.99651266250083,401.8874234268667,3.7410099330011417,0.5387252423524005,7.0,1.1762961001493093
539.0,71.49352341833138,351.96261053485864,3.81082000005484,0.49619156335411035,7.0,1.21228105723249
540.0,68.12409358147166,329.26951376576426,3.7542654412468606,0.48950417348326664,7.0,1.719599541218971
541.0,64.66034339714983,269.82824093832954,3.9363554288020763,0.30447857274894197,7.0,1.1447353543075536
542.0,86.70767060863031,535.8498979024882,3.7457254602256773,0.814877048249285,7.0,0.2988593216002147
543.0,71.71905221435127,349.76650439591396,3.8348239697589914,0.5309215959403982,7.0,2.714874452908696
544.0,79.37322383256947,436.5859004221925,3.7987364765647014,0.3764580913327692,7.0,2.957246259616628
545.0,67.0048860574487,298.08480659275074,3.8809366417393902,0.4285940082578343,7.0,0.2309194539598129
546.0,64.16388316839225,298.23121366867997,3.715472843811576,0.9152821652284431,7.0,0.38228392168064645
547.0,77.72255471403798,436.29308627033254,3.720984849910491,0.652036597816479,7.0,1.4840170863740092
548.0,80.69062348845078,457.81492643199,3.771187252413693,0.47243688089450075,7.0,0.6215010726884893
549.0,69.15826149462299,340.54285861234655,3.7476427015580898,0.8581514713155824,7.0,2.8413621659187567
550.0,61.02910554824574,254.45549796571754,3.825877720957433,0.4121408118549049,7.0,2.340578927664194
551.0,75.73567084518147,403.351494186162,3.771018314098818,0.621887285188841,7.0,1.6366622655828738
552.0,97.5687943538039,676.4006907949444,3.751534263193267,0.8282247577512005,7.0,1.749159864987495
553.0,73.35007399759921,366.4569110518935,3.8316788170524325,0.3780675549344011,7.0,2.71283407419047
554.0,76.82771626920353,417.26016639947943,3.761096360823802,0.7439325796218138,7.0,2.6439401684344648
555.0,70.12701364799587,359.4293714072704,3.6989508719615216,0.7915582596370752,7.0,1.80898592634462
556.0,69.41737999699728,348.44884071254694,3.7187647546673066,0.8447851972190691,7.0,1.152047221275615
557.0,75.65995896201063,393.24940594701764,3.8153296165494335,0.5137383736649925,7.0,0.3768186726766532
558.0,83.15102748609381,478.8975453658579,3.799673802867309,0.6794724550966436,7.0,2.7013799661822526
559.0,80.7952297873976,463.23198824138603,3.753932416507707,0.5986909289556915,7.0,0.22342370192853708
560.0,74.65815657218714,396.61676869339976,3.7487952963193183,0.5466937497784659,7.0,2.935795131280722
561.0,84.9801303650608,512.8639869815352,3.752461895484407,0.43385500032331176,7.0,2.912589971232056
562.0,65.08394709044651,298.3776207446101,3.7678253181140633,0.5334924471479726,7.0,3.0022589583175394
563.0,83.71890388076936,474.79814723982804,3.8421031982606193,0.5129953055029597,7.0,0.04134148589075789
564.0,87.63304170389343,528.6759511819363,3.811299768204178,0.588628122594388,7.0,2.7587052530972804
565.0,90.21312071859074,582.407348048115,3.738146207801982,0.654750239182128,7.0,1.4524412031947393
566.0,75.89327456530866,379.6335478855601,3.8951214172837925,0.39621689044942493,7.0,3.12030652676646
567.0,80.84364577877619,437.61074995369836,3.864576418905838,0.46146936258149795,7.0,0.8808097369700483
568.0,60.764219432351936,250.64891399154635,3.838088722193125,0.4565676570893231,7.0,2.9282665518903275
569.0,88.35558739653972,521.3555973854545,3.869608231030868,0.54066541785472,7.0,0.24359818290497906
570.0,73.23600456871606,373.484450696516,3.789556446076618,0.6459821554266857,7.0,2.857858957392949
571.0,88.12799376355858,528.383137030077,3.8338878888874035,0.38468586018944756,7.0,1.7213470706991136
572.0,71.71140531896283,346.2527345736021,3.853821785081086,0.3148172221711427,7.0,2.925321307629001
573.0,68.3172147191116,342.4461505994316,3.691764655197257,0.7518637909960761,7.0,0.8866426106041314
574.0,84.1533773191367,490.61011144022996,3.799297508124013,0.5313645735698722,7.0,0.062908223826578
575.0,78.27931824232233,421.2131574495793,3.8141350835999974,0.4295278229208037,7.0,3.0508895186212994
576.0,83.03502425630364,459.71821841907456,3.8727143019672066,0.27928496065016234,7.0,2.1469114507381866
577.0,79.89215452653431,428.97273247385056,3.857352158044043,0.449082643538354,7.0,0.9133575575820205
578.0,100.35631942861527,727.64316737032,3.7203645488148673,0.8307904831735822,7.0,1.0719130455047026
579.0,83.58341071470093,489.5852619087218,3.7775125964368255,0.4108278338678707,7.0,1.0351752252085098
580.0,76.1775337756389,412.28232581787097,3.7517124951900356,0.7413317123582974,7.0,0.45874324787338094
581.0,84.17076619415764,467.77060759520555,3.8917489401361745,0.36843481498598646,7.0,3.069512318810108
582.0,77.65942995180987,420.62752914586144,3.786564438425076,0.4195184033749329,7.0,3.1329655280875888
583.0,78.26402780367026,433.804165979529,3.757641430690429,0.5418194820740717,7.0,2.118330782786117
584.0,63.511038188552924,284.17613437943464,3.76751865035818,0.605339766832747,7.0,1.1322527807535612
585.0,81.56320994680162,460.889475026514,3.7992328695721587,0.623351082415303,7.0,2.164439962841068
586.0,76.35456219007872,410.8182550585748,3.767125809952404,0.4935400240177104,7.0,3.035659488730227
587.0,66.24094703523934,313.8967707931517,3.738807531699921,0.5014572378035385,7.0,2.0022127202554003
588.0,76.87391737240836,434.68260843510643,3.687167612315853,0.7270651717747627,7.0,0.46960361655207805
589.0,77.5122311176406,430.14398908128567,3.7373460203436455,0.5344823134713025,7.0,2.0012456265626284
590.0,87.11767821080349,535.2642695987706,3.765495782022946,0.6714345362976295,7.0,0.39300539164611026
591.0,69.2009029025374,336.5898675622459,3.7719093071046577,0.504103365664291,7.0,1.0280661228267776
592.0,87.12062424874864,523.5517035243979,3.807511205260224,0.5743284010557815,7.0,1.2105730318124868
593.0,82.14818925350275,481.5328727325925,3.743561953148851,0.722538739658913,7.0,0.6273945840421384
594.0,79.51084545768637,436.2930862703324,3.806599672902779,0.4900150591440319,7.0,0.6787669288336237
595.0,81.7595996171499,424.580520195962,3.967881774677768,0.2294230688955945,7.0,2.899582235842772
596.0,91.81409211150648,597.1944627170087,3.757088783916719,0.5788920428605151,7.0,0.17691175517328872
597.0,59.999323687451536,241.42526820797957,3.861490704843442,0.44149294122612276,7.0,0.0639091572674646
598.0,68.87921193971185,325.02370856380514,3.8205918854265066,0.536175759912769,7.0,1.4149529016754003
599.0,84.10124989650586,489.1460406809333,3.8026221970169116,0.40887503446133544,7.0,2.724391008692671
600.0,70.27910143243395,343.178185979079,3.7937295115699046,0.4367708961125449,7.0,0.4317525680434766
601.0,67.34701829856341,319.8994609062671,3.7654043375620594,0.5830466059765439,7.0,0.7385289482852805
602.0,82.68129034362413,477.7262887584211,3.7828374105611235,0.7247638483647283,7.0,3.0360873104307635
603.0,73.91025708040155,394.4206625544548,3.7215587877445038,0.5681898663103611,7.0,0.12863272250320312
604.0,85.98638671534562,526.4798450429914,3.747475693084793,0.4760667511129358,7.0,1.0491894226277765
605.0,101.94356839219628,722.9581409405719,3.7914318593997423,0.5273011807955525,7.0,2.120834026059777
606.0,81.09929849444939,470.69874911379793,3.738054039596256,0.4949722560018623,7.0,1.9020777890546736
607.0,84.52495794743623,495.7343590977666,3.796299371456827,0.6829252438431671,7.0,0.27275133025671894
608.0,60.35488645922309,257.5300465602395,3.760958004771846,0.5492969155663293,7.0,1.6074070944450716
609.0,80.28032274056238,469.23467835450265,3.7060737666294274,0.7566509647677999,7.0,2.9617470193900637
610.0,83.51365027636396,497.4912440089229,3.7442492014954394,0.9258016465915637,7.0,2.594128702199711
611.0,75.30235610560041,396.763175769328,3.780444668369434,0.4551931152386756,7.0,0.797726611076965
612.0,84.03134291792631,499.10172184414796,3.7613761810597395,0.46178278461377964,7.0,0.044443524484120485
613.0,97.6518199695541,685.0387082747942,3.7309788379884967,0.715329273109975,7.0,2.341858593023588
614.0,88.54245317780538,548.8801276602271,3.779312438226491,0.4648952306156078,7.0,0.9142491493255669
615.0,74.61290121944049,384.46498139123764,3.8052704880235924,0.516598607622805,7.0,0.9929557791964321
616.0,75.3147952771597,392.07814933958036,3.8035924803135135,0.8478922987915612,7.0,0.14731161830617334
617.0,76.88736759420387,420.4811220699296,3.7495723754332153,0.7441446847725314,7.0,1.0971855536259758
618.0,100.68120222046016,705.8285130568023,3.7896473106335873,0.7132928037041334,7.0,0.6569186783082688
619.0,87.36804237440907,534.385827143192,3.7794198442791975,0.7358785050793777,7.0,1.712327944356597
620.0,83.88007846547158,510.96069499445093,3.7107789226129446,0.7278861160371669,7.0,2.026405787213243
621.0,95.85851049779538,673.0333280485611,3.6949825444347457,0.761200821271998,7.0,0.9670479946215247
622.0,73.94624303203496,394.56706963038414,3.72267991031277,0.545006464064919,7.0,1.9365932691555956
623.0,86.90435852324316,544.9271366101266,3.722822588479981,0.6095046063746139,7.0,0.05938169527397268
624.0,73.56378973139154,390.02845027656576,3.724911430042605,0.7175400987974327,7.0,1.3807235134112614
625.0,98.94440230016397,630.1360548011776,3.9416137529413637,0.23897352276649864,7.0,1.4006217841427604
626.0,102.91427794967493,698.0689380325325,3.8951705189992736,0.4596404822344557,7.0,2.731988476766998
627.0,83.0445364202771,480.0688019732945,3.7901755289416617,0.6615453600153269,7.0,0.42742759142527137
628.0,83.24149058442734,465.28168730440257,3.85906299952056,0.5012766490380693,7.0,2.8864466720161532
629.0,88.88173068148473,563.2280211013328,3.745159996541669,0.5631714033999087,7.0,1.2351668584325812
630.0,102.38740069137948,730.8641230407725,3.787286814961601,0.8040426105707651,7.0,0.9792359015583534
631.0,100.87921641771027,728.8144239777578,3.7367429222093222,0.7469573157111534,7.0,0.8790801649274558
632.0,98.58732150314017,686.3563719581603,3.7631041004145915,0.5257643599762964,7.0,1.0817832373368939
633.0,101.52004455681964,692.3590620712762,3.858212193453315,0.28165553199702814,7.0,0.9318633134766325
634.0,78.82770015566575,453.7155283059592,3.700726878124123,0.8084426758376242,7.0,3.1067339863006493
635.0,88.04649769650445,554.8828177733412,3.737760299694114,0.7703929718450373,7.0,2.266363562449013
636.0,91.31147758399626,565.2777201643464,3.840558955410216,0.42689359744375155,7.0,0.9297397265428651
637.0,94.8830804786763,632.9177892438402,3.7715087953915223,0.8037863718174918,7.0,0.26749217153910004
638.0,79.95461400709385,455.76522736897596,3.745182084333991,0.7553410986986538,7.0,3.0245254495137943
639.0,80.13302178141528,434.53620135917527,3.8441341798513875,0.6907043775819731,7.0,0.08681051419545098
640.0,69.93285176183115,327.3662217786814,3.8651317787545842,0.44265314419767315,7.0,2.017219727232177
641.0,94.43090325650957,614.9097189044955,3.8081010595866824,0.42140086757400513,7.0,0.7050833192722504
642.0,76.08322306139704,415.21046733646426,3.7338318445457626,0.7284516764363966,7.0,2.8211749216265227
643.0,87.90549261760692,558.8358088234431,3.7185523390270756,0.6209139593933134,7.0,3.0651573780821155
644.0,88.82155785272752,559.2750300512307,3.7558277909165643,0.6711018601545805,7.0,2.940660487531635
645.0,72.90534130565878,353.7194954460158,3.8764112832443423,0.4747853448904931,7.0,2.338543435915073
646.0,109.10369956248128,786.7916260458942,3.889641836031374,0.4039073697016658,7.0,0.9712952555388763
647.0,91.89250729496345,616.6666038156532,3.7004529505649453,0.8875763591766094,7.0,2.8366995620975946
648.0,103.91203458243837,686.9420002618808,3.9646587583225914,0.29793722261826217,7.0,0.2814309478607109
649.0,94.02002633629438,646.3872402293691,3.6980602376224025,0.7570822170001419,7.0,2.6211322434580473
650.0,106.84137878571275,802.8964043981573,3.7705936120710377,0.5534243366995074,7.0,2.880470402375853
651.0,85.1374789993221,514.0352435889731,3.755124478377115,0.8080978805935953,7.0,1.412479700281306
652.0,93.71325776573732,610.663913702534,3.792275734911757,0.6601703785891347,7.0,1.073580660277488
653.0,99.3944421491846,692.7982832990624,3.7762322695070747,0.7650609520426036,7.0,1.2644260396344873
654.0,89.35602833349931,531.0184643968082,3.877653921434493,0.3813016249683292,7.0,3.110585041350304
655.0,86.72073300775531,539.6564818766578,3.73305373346338,0.729509106512133,7.0,0.1342184274125625
656.0,89.5202479346045,519.1594912465096,3.9288991147578853,0.3909722983523936,8.0,0.6673223363704899
657.0,85.92820941524153,538.9244464970118,3.701449425598543,0.6294900603704945,8.0,0.8316483568387691
658.0,93.49418370377964,555.6148531529901,3.966410604797348,0.3922157807640363,8.0,2.3546880925407967
659.0,92.86985211554412,572.7444810367593,3.880559059334915,0.3080013453007859,8.0,1.424662996321225
660.0,85.32404962221204,519.8915266261574,3.7420974241070764,0.5903301123923667,8.0,1.5805029882392192
661.0,84.94567392068072,502.4690845905299,3.789540851506657,0.5530557677412429,8.0,2.1886818763763376
662.0,80.27566122725902,450.2017584836484,3.7833829122480482,0.43636660985695014,8.0,3.0719151594213128
663.0,97.93155943125424,673.0333280485631,3.7748907297707284,0.5411956186513213,8.0,1.455522455674516
664.0,84.83957955234476,499.39453599600773,3.796440645669014,0.7113209994386698,8.0,1.3604903288061778
665.0,82.4586115202697,461.0358821024421,3.840330963320103,0.5647809614200768,8.0,2.6255526794609003
666.0,75.88227616298306,416.82094517169014,3.716769104991842,0.722154203688389,8.0,2.471088239505267
667.0,98.49107535385065,678.8896110857489,3.780047853539157,0.46200540201065604,8.0,0.6118080135799847
668.0,117.76034687706144,928.5136755457872,3.864603331830103,0.3595743372255386,8.0,0.7186340158335898
669.0,96.3887953302398,670.5444077577597,3.7223120654051036,0.6269952364911331,8.0,0.9781177793750904
670.0,88.52092075497748,554.150782393695,3.7603818448935193,0.6907379579337521,8.0,2.110215550544961
671.0,90.89573225768783,539.2172606488701,3.9143675258441215,0.4396571360237123,8.0,1.7728677320790012
672.0,83.27254474440109,464.9888731525416,3.8617179979210348,0.3879569757582549,8.0,3.030888653532024
673.0,87.41450320415076,498.51609354043217,3.915109400708098,0.2568191392795764,8.0,0.7140211871856674
674.0,100.61894690995342,729.1072381296169,3.726353594405013,0.7115672260309748,8.0,0.27393176575092015
675.0,85.13969089264137,514.1816506649011,3.7546873721185885,0.4784663389956406,8.0,1.644988085895206
676.0,78.35520260549059,457.81492643199044,3.6620381458374998,0.7518954784766219,8.0,1.8733090596393303
677.0,82.56274812349552,490.3172972883697,3.7285977478054146,0.8531550724477146,8.0,1.3093462254627817
678.0,102.32941060901592,767.9051132509726,3.692722673399425,0.8396595407867933,8.0,0.9364240725966062
679.0,94.9922969822784,628.232762814092,3.7899030348899037,0.43568247349306294,8.0,0.28992949296417314
680.0,80.46491019648761,457.8149264319909,3.7606382313186466,0.4407882041202173,8.0,0.7255047796147186
681.0,106.16909261276211,813.2913067891604,3.722845734720833,0.6349183601383683,8.0,2.326419438330232
682.0,109.50349357442636,841.8406865954389,3.774096663114519,0.7746072704184785,8.0,1.0422657835442606
683.0,88.32982000669232,557.6645522160052,3.7404239202509744,0.6357603204193476,8.0,0.5003201459345752
684.0,113.39796271987669,836.5700318619723,3.9206141293763257,0.6084319150053612,9.0,1.444021049160979
685.0,96.17446162172507,656.3429213925838,3.7540008009656187,0.7156165549280313,9.0,0.5280485490944071
686.0,111.54339475007347,870.2436593257924,3.781145800236516,0.6052302267094697,9.0,1.0412174814861235
687.0,109.3918165714129,791.0374312478548,3.889433201007943,0.34991810205128226,9.0,2.5467895105806813
688.0,94.95542357050353,633.5034175475603,3.7726393852037323,0.8164119134733396,9.0,0.30739573872402076
689.0,114.6254009678483,887.8125084373473,3.846982742812466,0.36662280709345907,9.0,1.7244973823904752
690.0,123.28320242319246,1042.857601846838,3.8176086105133407,0.3760142466944887,9.0,1.0340416950836562
691.0,97.52979825404881,649.1689746720294,3.827881175500071,0.37874052047732915,9.0,2.095662183229164
692.0,98.31963749663966,682.9890092117791,3.762126644751838,0.598733297175503,10.0,1.8918552557658461
